{"stats":{"minecraft:crafted":{"minecraft:oak_planks":24,"minecraft:crafting_table":1,"minecraft:stick":8,"minecraft:wooden_pickaxe":1,"minecraft:stone_pickaxe":1,"minecraft:stone_axe":1},"minecraft:killed":{"minecraft:zombie":1},"minecraft:dropped":{"minecraft:sugar_cane":2,"minecraft:wheat_seeds":9,"minecraft:rotten_flesh":1},"minecraft:used":{"minecraft:peony":3,"gravestones:gravestone":2,"minecraft:stone_pickaxe":15,"minecraft:wooden_pickaxe":5,"minecraft:lilac":2,"minecraft:stone_axe":16,"minecraft:sand":1,"minecraft:dirt":12,"minecraft:crafting_table":1,"minecraft:oak_sapling":1,"minecraft:note_block":1,"minecraft:black_bed":1},"minecraft:custom":{"minecraft:time_since_rest":138,"minecraft:sprint_one_cm":36588,"minecraft:damage_taken":1085,"minecraft:walk_one_cm":92359,"minecraft:mob_kills":1,"minecraft:drop":12,"minecraft:damage_dealt":1244,"minecraft:play_noteblock":9,"minecraft:tune_noteblock":45,"minecraft:player_kills":3,"minecraft:swim_one_cm":1688,"minecraft:interact_with_crafting_table":3,"minecraft:fly_one_cm":130102,"minecraft:open_chest":4,"minecraft:crouch_one_cm":5198,"minecraft:play_time":37005,"minecraft:deaths":4,"minecraft:sneak_time":1625,"minecraft:walk_under_water_one_cm":761,"minecraft:jump":625,"minecraft:leave_game":3,"minecraft:walk_on_water_one_cm":1942,"minecraft:time_since_death":104,"minecraft:sleep_in_bed":2,"minecraft:total_world_time":37005,"minecraft:climb_one_cm":264,"minecraft:fall_one_cm":27832},"minecraft:mined":{"gravestones:gravestone":2,"minecraft:lilac":2,"minecraft:black_bed":1,"minecraft:crafting_table":1,"minecraft:note_block":8,"minecraft:grass":25,"minecraft:coal_ore":9,"minecraft:grass_block":3,"minecraft:oak_log":6,"minecraft:rose_bush":1,"minecraft:sand":1,"minecraft:tall_grass":7,"minecraft:stone":11,"minecraft:oak_leaves":7,"minecraft:fern":6},"minecraft:picked_up":{"minecraft:birch_log":1,"minecraft:stick":1,"minecraft:crafting_table":1,"minecraft:lilac":2,"minecraft:black_bed":2,"minecraft:dandelion":1,"minecraft:note_block":8,"minecraft:sand":1,"minecraft:oak_log":6,"minecraft:dirt":52,"minecraft:rotten_flesh":1,"minecraft:peony":3,"minecraft:wheat_seeds":9,"minecraft:iron_ingot":1,"minecraft:oak_sapling":1,"gravestones:gravestone":2,"minecraft:sugar_cane":2,"minecraft:coal":9,"minecraft:cobblestone":27},"minecraft:killed_by":{"minecraft:player":3}},"DataVersion":3465}