{"stats":{"minecraft:crafted":{"minecraft:oak_planks":24,"minecraft:crafting_table":1,"minecraft:stick":8,"minecraft:wooden_pickaxe":1,"minecraft:stone_pickaxe":1,"minecraft:stone_axe":1},"minecraft:dropped":{"minecraft:sugar_cane":2,"minecraft:wheat_seeds":4},"minecraft:used":{"minecraft:peony":3,"gravestones:gravestone":2,"minecraft:stone_pickaxe":15,"minecraft:wooden_pickaxe":5,"minecraft:stone_axe":3,"minecraft:sand":1,"minecraft:dirt":2,"minecraft:crafting_table":1,"minecraft:oak_sapling":1},"minecraft:custom":{"minecraft:time_since_rest":2205,"minecraft:sprint_one_cm":16844,"minecraft:damage_taken":222,"minecraft:walk_one_cm":34315,"minecraft:drop":6,"minecraft:damage_dealt":257,"minecraft:swim_one_cm":670,"minecraft:interact_with_crafting_table":3,"minecraft:fly_one_cm":36847,"minecraft:crouch_one_cm":4139,"minecraft:play_time":25005,"minecraft:deaths":2,"minecraft:sneak_time":1246,"minecraft:walk_under_water_one_cm":595,"minecraft:jump":278,"minecraft:leave_game":3,"minecraft:walk_on_water_one_cm":1549,"minecraft:time_since_death":2175,"minecraft:total_world_time":25005,"minecraft:climb_one_cm":48,"minecraft:fall_one_cm":12525},"minecraft:mined":{"gravestones:gravestone":2,"minecraft:crafting_table":1,"minecraft:grass":19,"minecraft:coal_ore":9,"minecraft:grass_block":2,"minecraft:oak_log":6,"minecraft:rose_bush":1,"minecraft:sand":1,"minecraft:tall_grass":4,"minecraft:stone":11,"minecraft:oak_leaves":7,"minecraft:fern":5},"minecraft:picked_up":{"minecraft:crafting_table":1,"minecraft:sand":1,"minecraft:oak_log":6,"minecraft:dirt":2,"minecraft:peony":3,"minecraft:wheat_seeds":4,"minecraft:iron_ingot":1,"minecraft:oak_sapling":1,"gravestones:gravestone":2,"minecraft:sugar_cane":2,"minecraft:coal":9,"minecraft:cobblestone":11},"minecraft:killed_by":{"minecraft:player":1}},"DataVersion":3465}