{"stats":{"minecraft:dropped":{"minecraft:rotten_flesh":6},"minecraft:custom":{"minecraft:time_since_rest":271,"minecraft:crouch_one_cm":768,"minecraft:sprint_one_cm":13344,"minecraft:play_time":42917,"minecraft:deaths":6,"minecraft:damage_taken":1266,"minecraft:walk_one_cm":44512,"minecraft:sneak_time":280,"minecraft:mob_kills":2,"minecraft:drop":4,"minecraft:jump":246,"minecraft:damage_dealt":298,"minecraft:leave_game":3,"minecraft:walk_on_water_one_cm":2695,"minecraft:time_since_death":244,"minecraft:total_world_time":42917,"minecraft:fall_one_cm":11037,"minecraft:fly_one_cm":71297},"minecraft:killed":{"minecraft:zombie":1},"minecraft:used":{"minecraft:white_wool":1},"minecraft:killed_by":{"minecraft:skeleton":2,"minecraft:zombie":1,"minecraft:pillager":1},"minecraft:picked_up":{"minecraft:rotten_flesh":6,"minecraft:mutton":1,"minecraft:white_wool":1}},"DataVersion":3465}