{"stats":{"minecraft:dropped":{"minecraft:rotten_flesh":6},"minecraft:custom":{"minecraft:time_since_rest":1454,"minecraft:crouch_one_cm":768,"minecraft:sprint_one_cm":9283,"minecraft:play_time":30917,"minecraft:deaths":5,"minecraft:damage_taken":1032,"minecraft:walk_one_cm":33285,"minecraft:sneak_time":268,"minecraft:mob_kills":2,"minecraft:drop":4,"minecraft:jump":152,"minecraft:damage_dealt":208,"minecraft:leave_game":3,"minecraft:time_since_death":1425,"minecraft:total_world_time":30917,"minecraft:fall_one_cm":5786,"minecraft:fly_one_cm":49885},"minecraft:killed":{"minecraft:zombie":1},"minecraft:used":{"minecraft:white_wool":1},"minecraft:killed_by":{"minecraft:skeleton":2,"minecraft:zombie":1},"minecraft:picked_up":{"minecraft:rotten_flesh":6,"minecraft:mutton":1,"minecraft:white_wool":1}},"DataVersion":3465}