{"stats":{"minecraft:crafted":{"minecraft:emerald":2,"minecraft:snow_block":4,"minecraft:gold_ingot":6,"minecraft:snowball":16},"minecraft:used":{"minecraft:dark_prismarine":10,"minecraft:diamond_sword":3,"minecraft:cobblestone":9,"minecraft:dirt":1,"minecraft:golden_carrot":1,"minecraft:yellow_terracotta":2,"minecraft:snowball":20,"minecraft:cobweb":1},"minecraft:picked_up":{"minecraft:chainmail_boots":2,"minecraft:golden_carrot":4,"minecraft:chainmail_chestplate":4,"minecraft:gunpowder":8,"minecraft:dirt":105,"minecraft:string":11,"minecraft:dark_prismarine":54,"minecraft:dark_oak_planks":7,"minecraft:bone":4,"mythic_charms:experience_nugget":8,"minecraft:arrow":1,"minecraft:rotten_flesh":11,"minecraft:beetroot":3,"minecraft:diamond":11,"minecraft:beetroot_seeds":3,"minecraft:raw_gold":5,"twigs:pebble":4,"minecraft:iron_ingot":6,"minecraft:bread":5,"minecraft:yellow_terracotta":5,"minecraft:cobweb":2,"minecraft:gold_ingot":8,"minecraft:saddle":1,"minecraft:chainmail_helmet":1,"minecraft:emerald":6,"minecraft:spruce_slab":3,"minecraft:diamond_helmet":1,"supplementaries:ash":23,"edenring:guide_book":1,"minecraft:skeleton_skull":1,"minecraft:snowball":32,"minecraft:cobblestone":160},"minecraft:killed":{"minecraft:skeleton":1,"minecraft:zombie":2},"minecraft:custom":{"minecraft:time_since_rest":21561,"minecraft:sprint_one_cm":59903,"minecraft:walk_one_cm":68371,"minecraft:damage_taken":3691,"minecraft:mob_kills":4,"minecraft:drop":21,"minecraft:damage_dealt":684,"minecraft:swim_one_cm":162,"minecraft:fly_one_cm":188126,"minecraft:open_chest":1,"goblintraders:trade_with_goblin":4,"minecraft:crouch_one_cm":12157,"minecraft:play_time":52929,"minecraft:deaths":12,"minecraft:sneak_time":2736,"minecraft:walk_under_water_one_cm":934,"minecraft:jump":804,"minecraft:leave_game":4,"minecraft:time_since_death":21528,"minecraft:walk_on_water_one_cm":2575,"minecraft:total_world_time":52929,"minecraft:damage_resisted":320,"minecraft:fall_one_cm":113786},"minecraft:killed_by":{"minecraft:skeleton":6,"minecraft:cave_spider":1,"minecraft:creeper":1,"minecraft:wither_skeleton":3},"minecraft:mined":{"supplementaries:urn":9,"minecraft:grass":1},"minecraft:dropped":{"twigs:pebble":2,"minecraft:cobweb":1,"supplementaries:ash":23,"minecraft:beetroot_seeds":3,"minecraft:rotten_flesh":2,"minecraft:beetroot":2,"minecraft:snowball":4,"minecraft:diamond_helmet":2,"minecraft:chainmail_boots":1,"minecraft:yellow_terracotta":3,"minecraft:arrow":1,"minecraft:raw_gold":1,"minecraft:chainmail_helmet":1,"minecraft:dark_prismarine":28,"minecraft:dark_oak_planks":5,"minecraft:gold_ingot":1,"minecraft:chainmail_chestplate":3,"minecraft:bone":3}},"DataVersion":3465}