{"stats":{"minecraft:killed_by":{"minecraft:skeleton":3,"minecraft:cave_spider":1,"minecraft:wither_skeleton":3},"minecraft:used":{"minecraft:dirt":1,"minecraft:snowball":2,"minecraft:cobweb":1},"minecraft:killed":{"minecraft:zombie":1},"minecraft:mined":{"minecraft:grass":1},"minecraft:crafted":{"minecraft:snow_block":4,"minecraft:snowball":16},"minecraft:custom":{"minecraft:open_chest":1,"minecraft:time_since_rest":156,"minecraft:crouch_one_cm":8201,"minecraft:damage_taken":2467,"minecraft:play_time":17476,"minecraft:sprint_one_cm":32250,"minecraft:walk_one_cm":28266,"minecraft:deaths":8,"minecraft:sneak_time":1695,"minecraft:mob_kills":2,"minecraft:jump":378,"minecraft:damage_dealt":366,"minecraft:time_since_death":133,"minecraft:damage_resisted":156,"minecraft:total_world_time":17476,"minecraft:fall_one_cm":57853,"minecraft:fly_one_cm":95509},"minecraft:picked_up":{"minecraft:chainmail_boots":2,"minecraft:bone":2,"minecraft:golden_carrot":4,"minecraft:rotten_flesh":10,"minecraft:beetroot":3,"minecraft:diamond":4,"minecraft:beetroot_seeds":3,"twigs:pebble":4,"minecraft:iron_ingot":6,"minecraft:cobweb":2,"minecraft:bread":5,"minecraft:saddle":1,"minecraft:chainmail_chestplate":3,"minecraft:gold_ingot":7,"minecraft:chainmail_helmet":1,"minecraft:gunpowder":8,"edenring:guide_book":1,"minecraft:string":11,"minecraft:dirt":105,"minecraft:cobblestone":81}},"DataVersion":3465}