{"stats":{"minecraft:killed_by":{"minecraft:cave_spider":1,"minecraft:wither_skeleton":3,"minecraft:creeper":1,"minecraft:skeleton":6},"minecraft:used":{"minecraft:dark_prismarine":10,"minecraft:golden_carrot":1,"minecraft:yellow_terracotta":2,"minecraft:dirt":1,"minecraft:cobblestone":9,"minecraft:snowball":20,"minecraft:cobweb":1},"minecraft:killed":{"minecraft:zombie":1},"minecraft:mined":{"supplementaries:urn":9,"minecraft:grass":1},"minecraft:crafted":{"minecraft:emerald":2,"minecraft:snow_block":4,"minecraft:gold_ingot":6,"minecraft:snowball":16},"minecraft:dropped":{"twigs:pebble":2,"minecraft:cobweb":1,"supplementaries:ash":23,"minecraft:beetroot_seeds":3,"minecraft:beetroot":2,"minecraft:snowball":4,"minecraft:rotten_flesh":2,"minecraft:chainmail_boots":1,"minecraft:yellow_terracotta":3,"minecraft:arrow":1,"minecraft:raw_gold":1,"minecraft:dark_oak_planks":5,"minecraft:dark_prismarine":28,"minecraft:chainmail_helmet":1,"minecraft:bone":3,"minecraft:chainmail_chestplate":3},"minecraft:custom":{"minecraft:time_since_rest":3991,"minecraft:sprint_one_cm":52257,"minecraft:walk_one_cm":61290,"minecraft:damage_taken":3566,"minecraft:mob_kills":2,"minecraft:drop":18,"minecraft:damage_dealt":434,"minecraft:swim_one_cm":162,"minecraft:fly_one_cm":160922,"minecraft:open_chest":1,"goblintraders:trade_with_goblin":4,"minecraft:crouch_one_cm":12006,"minecraft:play_time":35359,"minecraft:deaths":12,"minecraft:sneak_time":2640,"minecraft:walk_under_water_one_cm":934,"minecraft:jump":718,"minecraft:leave_game":2,"minecraft:time_since_death":3958,"minecraft:walk_on_water_one_cm":2575,"minecraft:total_world_time":35359,"minecraft:damage_resisted":320,"minecraft:fall_one_cm":101363},"minecraft:picked_up":{"minecraft:chainmail_boots":2,"minecraft:golden_carrot":4,"minecraft:chainmail_chestplate":4,"minecraft:gunpowder":8,"minecraft:string":11,"minecraft:dirt":105,"minecraft:dark_prismarine":54,"minecraft:dark_oak_planks":7,"minecraft:bone":4,"mythic_charms:experience_nugget":8,"minecraft:arrow":1,"minecraft:rotten_flesh":10,"minecraft:beetroot":3,"minecraft:diamond":11,"minecraft:beetroot_seeds":3,"minecraft:raw_gold":5,"twigs:pebble":4,"minecraft:iron_ingot":6,"minecraft:yellow_terracotta":5,"minecraft:bread":5,"minecraft:cobweb":2,"minecraft:gold_ingot":7,"minecraft:saddle":1,"minecraft:emerald":6,"minecraft:chainmail_helmet":1,"minecraft:spruce_slab":3,"supplementaries:ash":23,"minecraft:snowball":32,"edenring:guide_book":1,"minecraft:skeleton_skull":1,"minecraft:cobblestone":160}},"DataVersion":3465}