{"stats":{"minecraft:dropped":{"minecraft:wheat_seeds":1},"minecraft:custom":{"minecraft:jump":118,"minecraft:time_since_rest":13005,"minecraft:damage_dealt":9,"minecraft:crouch_one_cm":376,"minecraft:leave_game":3,"minecraft:sprint_one_cm":4451,"minecraft:play_time":13005,"minecraft:time_since_death":13005,"minecraft:walk_one_cm":12533,"minecraft:sneak_time":120,"minecraft:total_world_time":13005,"minecraft:climb_one_cm":36,"minecraft:drop":1,"minecraft:fly_one_cm":12463,"minecraft:fall_one_cm":4049},"minecraft:picked_up":{"minecraft:wheat_seeds":1},"minecraft:mined":{"minecraft:grass":9,"minecraft:tall_grass":3,"minecraft:rose_bush":1,"minecraft:oak_leaves":3,"minecraft:fern":2}},"DataVersion":3465}