{"stats":{"minecraft:dropped":{"minecraft:oxeye_daisy":2,"twigs:pebble":1,"minecraft:poppy":2,"minecraft:gunpowder":2,"adventurez:orc_skin":2,"minecraft:rotten_flesh":7,"minecraft:arrow":2,"promenade:fulvous_maple_sapling":1,"minecraft:bone":2},"minecraft:custom":{"minecraft:time_since_rest":2299,"minecraft:sprint_one_cm":45480,"minecraft:damage_taken":2180,"minecraft:walk_one_cm":62119,"minecraft:mob_kills":6,"minecraft:drop":13,"minecraft:damage_dealt":827,"minecraft:swim_one_cm":1727,"minecraft:fly_one_cm":154170,"minecraft:crouch_one_cm":935,"minecraft:play_time":54917,"minecraft:deaths":9,"minecraft:sneak_time":464,"minecraft:walk_under_water_one_cm":3691,"minecraft:jump":417,"minecraft:aviate_one_cm":48595,"minecraft:leave_game":3,"minecraft:time_since_death":2275,"minecraft:walk_on_water_one_cm":7898,"minecraft:total_world_time":54917,"minecraft:climb_one_cm":12,"minecraft:fall_one_cm":19177},"minecraft:used":{"minecraft:white_wool":1},"minecraft:killed":{"minecraft:skeleton":2,"minecraft:zombie":1,"naturalist:sparrow":2},"minecraft:killed_by":{"adventurez:orc":1,"minecraft:skeleton":2,"minecraft:spider":1,"minecraft:zombie":1,"minecraft:pillager":1},"minecraft:picked_up":{"promenade:fulvous_maple_sapling":1,"minecraft:gunpowder":2,"minecraft:bone":2,"mythic_charms:experience_nugget":1,"minecraft:arrow":2,"minecraft:rotten_flesh":7,"twigs:pebble":1,"minecraft:poppy":2,"minecraft:mutton":1,"adventurez:orc_skin":2,"minecraft:white_wool":1,"minecraft:oxeye_daisy":2}},"DataVersion":3465}