{"stats":{"minecraft:crafted":{"minecraft:emerald":2,"minecraft:snowball":16,"minecraft:snow_block":4,"minecraft:gold_ingot":6},"minecraft:used":{"minecraft:stone":3,"minecraft:iron_sword":1,"minecraft:dirt":58,"minecraft:yellow_terracotta":2,"minecraft:snowball":30,"minecraft:dark_prismarine":10,"minecraft:diamond_sword":17,"minecraft:golden_carrot":4,"minecraft:cobblestone":10,"minecraft:cobweb":1},"minecraft:picked_up":{"minecraft:feather":2,"minecraft:chainmail_boots":2,"minecraft:golden_carrot":4,"minecraft:diamond_sword":2,"minecraft:chainmail_chestplate":4,"minecraft:gunpowder":8,"minecraft:cornflower":2,"minecraft:string":11,"minecraft:dirt":331,"minecraft:bone":5,"minecraft:beetroot":3,"minecraft:wheat_seeds":4,"minecraft:raw_gold":5,"twigs:pebble":4,"minecraft:iron_ingot":6,"minecraft:cobweb":2,"minecraft:diamond_helmet":1,"minecraft:spruce_slab":6,"minecraft:glowstone_dust":2,"edenring:guide_book":1,"minecraft:stone":63,"promenade:duck":2,"minecraft:porkchop":3,"minecraft:grass_block":9,"minecraft:spider_eye":1,"minecraft:dark_oak_planks":7,"minecraft:dark_prismarine":54,"expandeddelight:asparagus":2,"minecraft:arrow":5,"mythic_charms:experience_nugget":15,"minecraft:rotten_flesh":22,"minecraft:diamond":11,"minecraft:beetroot_seeds":3,"minecraft:emerald":7,"minecraft:yellow_terracotta":5,"minecraft:chainmail_helmet":1,"minecraft:saddle":1,"minecraft:gold_ingot":8,"minecraft:bread":5,"supplementaries:ash":23,"minecraft:white_wool":1,"minecraft:black_wool":1,"minecraft:mutton":2,"minecraft:snowball":32,"minecraft:skeleton_skull":1,"minecraft:cobblestone":219,"minecraft:oxeye_daisy":1},"minecraft:killed":{"promenade:duck":2,"minecraft:sheep":1,"minecraft:skeleton":1,"minecraft:zombie":7,"naturalist:bass":1},"minecraft:custom":{"minecraft:mob_kills":15,"goblintraders:trade_with_goblin":4,"minecraft:leave_game":4,"minecraft:time_since_death":9355,"minecraft:climb_one_cm":218,"minecraft:damage_resisted":320,"minecraft:time_since_rest":10276,"minecraft:sprint_one_cm":89644,"minecraft:damage_taken":4709,"minecraft:walk_one_cm":153852,"minecraft:drop":55,"minecraft:damage_dealt":2557,"minecraft:player_kills":1,"minecraft:fly_one_cm":331775,"minecraft:swim_one_cm":1337,"minecraft:open_chest":1,"minecraft:crouch_one_cm":19446,"minecraft:play_time":88929,"minecraft:deaths":16,"minecraft:sneak_time":5386,"minecraft:walk_under_water_one_cm":1248,"minecraft:jump":1208,"minecraft:walk_on_water_one_cm":4030,"minecraft:total_world_time":88929,"minecraft:fall_one_cm":157552},"minecraft:mined":{"minecraft:cornflower":2,"minecraft:grass_block":2,"minecraft:tall_grass":5,"supplementaries:urn":9,"minecraft:grass":9,"expandeddelight:wild_asparagus":2},"minecraft:killed_by":{"minecraft:cave_spider":1,"minecraft:wither_skeleton":3,"minecraft:skeleton":6,"minecraft:creeper":1,"minecraft:zombie":1},"minecraft:dropped":{"expandeddelight:asparagus":2,"minecraft:porkchop":3,"minecraft:wheat_seeds":4,"minecraft:feather":2,"minecraft:knowledge_book":2,"minecraft:beetroot":2,"minecraft:cobblestone":3,"minecraft:yellow_terracotta":3,"minecraft:rotten_flesh":14,"minecraft:glowstone_dust":2,"minecraft:grass_block":9,"minecraft:chainmail_helmet":1,"minecraft:chainmail_chestplate":3,"minecraft:oxeye_daisy":1,"twigs:pebble":2,"minecraft:diamond_sword":2,"minecraft:cobweb":1,"minecraft:dirt":137,"supplementaries:ash":23,"minecraft:stone":60,"minecraft:cornflower":2,"minecraft:beetroot_seeds":3,"minecraft:chainmail_boots":1,"minecraft:snowball":4,"minecraft:diamond_helmet":2,"minecraft:spider_eye":1,"minecraft:spruce_slab":6,"minecraft:arrow":7,"minecraft:raw_gold":1,"minecraft:dark_oak_planks":7,"minecraft:dark_prismarine":44,"minecraft:white_wool":1,"minecraft:black_wool":1,"minecraft:gold_ingot":1,"minecraft:bone":4}},"DataVersion":3465}