{"stats":{"minecraft:crafted":{"minecraft:emerald":2,"minecraft:snowball":16,"minecraft:snow_block":4,"minecraft:gold_ingot":6},"minecraft:used":{"minecraft:iron_sword":1,"minecraft:dirt":7,"minecraft:yellow_terracotta":2,"minecraft:snowball":20,"minecraft:dark_prismarine":10,"minecraft:diamond_sword":3,"minecraft:golden_carrot":1,"minecraft:cobblestone":9,"minecraft:cobweb":1},"minecraft:picked_up":{"minecraft:chainmail_boots":2,"minecraft:golden_carrot":4,"minecraft:chainmail_chestplate":4,"minecraft:gunpowder":8,"minecraft:string":11,"minecraft:dirt":214,"minecraft:bone":5,"minecraft:beetroot":3,"minecraft:wheat_seeds":3,"minecraft:raw_gold":5,"twigs:pebble":4,"minecraft:iron_ingot":6,"minecraft:cobweb":2,"minecraft:diamond_helmet":1,"minecraft:spruce_slab":6,"minecraft:glowstone_dust":2,"edenring:guide_book":1,"minecraft:spider_eye":1,"minecraft:dark_oak_planks":7,"minecraft:dark_prismarine":54,"minecraft:arrow":3,"mythic_charms:experience_nugget":9,"minecraft:rotten_flesh":13,"minecraft:diamond":11,"minecraft:beetroot_seeds":3,"minecraft:emerald":7,"minecraft:yellow_terracotta":5,"minecraft:chainmail_helmet":1,"minecraft:saddle":1,"minecraft:gold_ingot":8,"minecraft:bread":5,"supplementaries:ash":23,"minecraft:snowball":32,"minecraft:skeleton_skull":1,"minecraft:cobblestone":160,"minecraft:oxeye_daisy":1},"minecraft:killed":{"minecraft:skeleton":1,"minecraft:zombie":2,"naturalist:bass":1},"minecraft:custom":{"minecraft:mob_kills":6,"goblintraders:trade_with_goblin":4,"minecraft:leave_game":4,"minecraft:time_since_death":33528,"minecraft:climb_one_cm":218,"minecraft:damage_resisted":320,"minecraft:time_since_rest":33561,"minecraft:sprint_one_cm":66047,"minecraft:damage_taken":3971,"minecraft:walk_one_cm":116925,"minecraft:drop":34,"minecraft:damage_dealt":992,"minecraft:fly_one_cm":215418,"minecraft:swim_one_cm":162,"minecraft:open_chest":1,"minecraft:crouch_one_cm":13360,"minecraft:play_time":64929,"minecraft:deaths":12,"minecraft:sneak_time":3232,"minecraft:walk_under_water_one_cm":934,"minecraft:jump":908,"minecraft:walk_on_water_one_cm":2575,"minecraft:total_world_time":64929,"minecraft:fall_one_cm":129796},"minecraft:mined":{"minecraft:tall_grass":1,"supplementaries:urn":9,"minecraft:grass":2},"minecraft:killed_by":{"minecraft:cave_spider":1,"minecraft:wither_skeleton":3,"minecraft:skeleton":6,"minecraft:creeper":1},"minecraft:dropped":{"minecraft:wheat_seeds":3,"minecraft:knowledge_book":2,"minecraft:beetroot":2,"minecraft:cobblestone":3,"minecraft:yellow_terracotta":3,"minecraft:rotten_flesh":5,"minecraft:glowstone_dust":2,"minecraft:chainmail_helmet":1,"minecraft:chainmail_chestplate":3,"minecraft:oxeye_daisy":1,"twigs:pebble":2,"minecraft:cobweb":1,"supplementaries:ash":23,"minecraft:beetroot_seeds":3,"minecraft:chainmail_boots":1,"minecraft:snowball":4,"minecraft:diamond_helmet":2,"minecraft:spider_eye":1,"minecraft:spruce_slab":3,"minecraft:arrow":5,"minecraft:raw_gold":1,"minecraft:dark_oak_planks":5,"minecraft:dark_prismarine":44,"minecraft:gold_ingot":1,"minecraft:bone":3}},"DataVersion":3465}