{"stats":{"minecraft:crafted":{"minecraft:oak_planks":24,"minecraft:crafting_table":1,"minecraft:wooden_pickaxe":1,"minecraft:stone_axe":1,"minecraft:stick":8,"minecraft:stone_pickaxe":2,"minecraft:stone_sword":1},"minecraft:killed":{"minecraft:pig":1,"minecraft:spider":1,"minecraft:trader_llama":1,"minecraft:zombie":4,"adventurez:orc":1},"minecraft:dropped":{"expandeddelight:asparagus":2,"minecraft:sugar_cane":2,"minecraft:wheat_seeds":37,"minecraft:rotten_flesh":11,"promenade:duck":1,"minecraft:grass_block":2,"minecraft:oxeye_daisy":1,"minecraft:poppy":1,"minecraft:dirt":58,"minecraft:gunpowder":6,"minecraft:cornflower":1,"minecraft:wooden_pickaxe":2,"minecells:prison_torch":2},"minecraft:used":{"minecraft:peony":3,"minecraft:stone_sword":1,"minecraft:stone_pickaxe":15,"minecraft:wooden_pickaxe":5,"minecraft:rotten_flesh":4,"minecraft:dirt":47,"minecraft:sand":2,"minecraft:crafting_table":3,"minecraft:note_block":4,"minecraft:black_bed":1,"minecraft:oak_log":1,"wildlife:cricket":1,"minecraft:bread":3,"minecraft:grass_block":3,"gravestones:gravestone":2,"minecells:guts":3,"minecraft:lilac":2,"minecraft:stone_axe":25,"minecells:prison_torch":1,"minecraft:oak_sapling":1,"minecraft:bucket":1,"minecraft:birch_log":2},"minecraft:custom":{"minecraft:mob_kills":10,"minecraft:interact_with_crafting_table":5,"minecraft:tune_noteblock":104,"minecraft:leave_game":3,"minecraft:time_since_death":2747,"minecraft:sleep_in_bed":2,"minecraft:climb_one_cm":1007,"minecraft:damage_resisted":178,"minecraft:time_since_rest":2771,"minecraft:sprint_one_cm":124432,"minecraft:damage_taken":5374,"minecraft:walk_one_cm":195923,"minecraft:drop":47,"minecraft:damage_dealt":2481,"minecraft:play_noteblock":12,"minecraft:swim_one_cm":2100,"minecraft:fly_one_cm":362722,"minecraft:player_kills":5,"minecraft:open_chest":18,"minecraft:crouch_one_cm":7420,"minecraft:play_time":73005,"minecraft:deaths":16,"minecraft:sneak_time":2418,"minecraft:walk_under_water_one_cm":1508,"minecraft:jump":1513,"minecraft:walk_on_water_one_cm":4448,"minecraft:total_world_time":73005,"minecraft:fall_one_cm":60064},"minecraft:mined":{"gravestones:gravestone":2,"minecraft:crafting_table":2,"minecraft:note_block":11,"minecraft:grass_block":3,"minecells:rotting_corpse":1,"minecraft:rose_bush":1,"minecraft:tall_grass":11,"minecells:alchemy_equipment_0":1,"minecells:alchemy_equipment_2":1,"minecraft:birch_log":1,"minecraft:fire":1,"minecraft:lilac":2,"minecraft:black_bed":1,"minecraft:grass":55,"minecraft:oak_log":6,"minecraft:coal_ore":9,"minecraft:sand":1,"minecraft:stone":11,"minecraft:oak_leaves":7,"minecraft:fern":6},"minecraft:picked_up":{"minecraft:birch_log":2,"minecraft:iron_chestplate":1,"minecraft:crafting_table":2,"minecraft:lilac":2,"minecraft:black_bed":2,"minecraft:lead":1,"minecraft:wooden_pickaxe":1,"minecraft:oak_log":7,"minecraft:gunpowder":6,"minecraft:cornflower":1,"minecraft:dirt":169,"minecraft:wheat_seeds":38,"minecells:prison_torch":3,"minecraft:iron_ingot":1,"minecraft:poppy":1,"minecraft:sugar_cane":2,"minecells:guts":1,"minecraft:stick":1,"promenade:duck":1,"minecells:monster_cell":1,"minecraft:dandelion":2,"minecraft:note_block":11,"minecraft:sand":30,"minecraft:grass_block":5,"minecraft:rotten_flesh":15,"expandeddelight:asparagus":2,"minecraft:peony":3,"minecraft:iron_helmet":1,"minecraft:oak_sapling":1,"gravestones:gravestone":2,"minecraft:coal":9,"minecraft:cobblestone":51,"minecraft:oxeye_daisy":1},"minecraft:killed_by":{"minecraft:player":7,"mutantmonsters:mutant_skeleton":2,"minecraft:skeleton":1,"minecells:leaping_zombie":2}},"DataVersion":3465}