{"stats":{"minecraft:crafted":{"minecraft:oak_planks":24,"minecraft:crafting_table":1,"minecraft:wooden_pickaxe":1,"minecraft:stone_axe":1,"minecraft:stick":8,"minecraft:stone_pickaxe":1},"minecraft:killed":{"minecraft:zombie":1},"minecraft:dropped":{"expandeddelight:asparagus":2,"minecraft:sugar_cane":2,"minecraft:wheat_seeds":15,"minecraft:rotten_flesh":2,"minecraft:grass_block":2,"minecraft:oxeye_daisy":1,"minecraft:poppy":1,"minecraft:dirt":14,"minecraft:cornflower":1,"minecells:prison_torch":2},"minecraft:used":{"minecraft:peony":3,"minecraft:stone_pickaxe":15,"minecraft:wooden_pickaxe":5,"minecraft:rotten_flesh":4,"minecraft:dirt":40,"minecraft:sand":2,"minecraft:crafting_table":1,"minecraft:note_block":4,"minecraft:black_bed":1,"minecraft:grass_block":3,"gravestones:gravestone":2,"minecraft:lilac":2,"minecraft:stone_axe":22,"minecraft:oak_sapling":1,"minecraft:birch_log":2},"minecraft:custom":{"minecraft:mob_kills":1,"minecraft:interact_with_crafting_table":3,"minecraft:tune_noteblock":104,"minecraft:leave_game":3,"minecraft:time_since_death":382,"minecraft:sleep_in_bed":2,"minecraft:climb_one_cm":605,"minecraft:damage_resisted":121,"minecraft:time_since_rest":410,"minecraft:sprint_one_cm":70841,"minecraft:damage_taken":2413,"minecraft:walk_one_cm":136744,"minecraft:drop":27,"minecraft:damage_dealt":1449,"minecraft:play_noteblock":12,"minecraft:swim_one_cm":2100,"minecraft:fly_one_cm":228519,"minecraft:player_kills":4,"minecraft:open_chest":10,"minecraft:crouch_one_cm":6303,"minecraft:play_time":49005,"minecraft:deaths":8,"minecraft:sneak_time":2062,"minecraft:walk_under_water_one_cm":1508,"minecraft:jump":927,"minecraft:walk_on_water_one_cm":4448,"minecraft:total_world_time":49005,"minecraft:fall_one_cm":37665},"minecraft:mined":{"gravestones:gravestone":2,"minecraft:crafting_table":1,"minecraft:note_block":11,"minecraft:grass_block":3,"minecells:rotting_corpse":1,"minecraft:rose_bush":1,"minecraft:tall_grass":8,"minecells:alchemy_equipment_0":1,"minecells:alchemy_equipment_2":1,"minecraft:birch_log":1,"minecraft:fire":1,"minecraft:lilac":2,"minecraft:black_bed":1,"minecraft:grass":32,"minecraft:oak_log":6,"minecraft:coal_ore":9,"minecraft:sand":1,"minecraft:stone":11,"minecraft:oak_leaves":7,"minecraft:fern":6},"minecraft:picked_up":{"minecraft:birch_log":2,"minecraft:crafting_table":1,"minecraft:lilac":2,"minecraft:black_bed":2,"minecraft:oak_log":6,"minecraft:cornflower":1,"minecraft:dirt":118,"minecraft:wheat_seeds":16,"minecells:prison_torch":2,"minecraft:iron_ingot":1,"minecraft:poppy":1,"minecraft:sugar_cane":2,"minecells:guts":1,"minecraft:stick":1,"minecells:monster_cell":1,"minecraft:dandelion":2,"minecraft:note_block":11,"minecraft:sand":30,"minecraft:grass_block":5,"minecraft:rotten_flesh":6,"expandeddelight:asparagus":2,"minecraft:peony":3,"minecraft:oak_sapling":1,"gravestones:gravestone":2,"minecraft:coal":9,"minecraft:cobblestone":27,"minecraft:oxeye_daisy":1},"minecraft:killed_by":{"minecraft:player":3,"mutantmonsters:mutant_skeleton":2,"minecells:leaping_zombie":2}},"DataVersion":3465}