{"stats":{"minecraft:killed_by":{"minecraft:cave_spider":1,"minecraft:wither_skeleton":3,"minecraft:skeleton":6},"minecraft:used":{"minecraft:dirt":1,"minecraft:snowball":2,"minecraft:cobweb":1},"minecraft:killed":{"minecraft:zombie":1},"minecraft:mined":{"supplementaries:urn":9,"minecraft:grass":1},"minecraft:crafted":{"minecraft:emerald":2,"minecraft:snow_block":4,"minecraft:gold_ingot":6,"minecraft:snowball":16},"minecraft:custom":{"minecraft:time_since_rest":3805,"minecraft:sprint_one_cm":43254,"minecraft:walk_one_cm":42086,"minecraft:damage_taken":3222,"minecraft:mob_kills":2,"minecraft:damage_dealt":385,"minecraft:swim_one_cm":162,"minecraft:fly_one_cm":141289,"goblintraders:trade_with_goblin":4,"minecraft:open_chest":1,"minecraft:crouch_one_cm":9545,"minecraft:play_time":25352,"minecraft:deaths":11,"minecraft:sneak_time":2005,"minecraft:walk_under_water_one_cm":934,"minecraft:jump":538,"minecraft:leave_game":2,"minecraft:time_since_death":3781,"minecraft:walk_on_water_one_cm":2575,"minecraft:total_world_time":25352,"minecraft:damage_resisted":274,"minecraft:fall_one_cm":89706},"minecraft:picked_up":{"minecraft:chainmail_boots":2,"minecraft:golden_carrot":4,"minecraft:chainmail_chestplate":3,"minecraft:gunpowder":8,"minecraft:string":11,"minecraft:dirt":105,"mythic_charms:experience_nugget":6,"minecraft:arrow":1,"minecraft:bone":4,"minecraft:rotten_flesh":10,"minecraft:beetroot":3,"minecraft:diamond":11,"minecraft:beetroot_seeds":3,"minecraft:raw_gold":5,"twigs:pebble":4,"minecraft:iron_ingot":6,"minecraft:bread":5,"minecraft:cobweb":2,"minecraft:emerald":6,"minecraft:saddle":1,"minecraft:gold_ingot":7,"minecraft:chainmail_helmet":1,"supplementaries:ash":23,"edenring:guide_book":1,"minecraft:skeleton_skull":1,"minecraft:cobblestone":127}},"DataVersion":3465}