{"stats":{"minecraft:killed_by":{"adventurez:orc":1,"minecraft:skeleton":3,"minecraft:spider":1,"minecraft:zombie":1,"minecraft:pillager":1},"minecraft:custom":{"minecraft:time_since_rest":2651,"minecraft:sprint_one_cm":89528,"minecraft:damage_taken":2622,"minecraft:walk_one_cm":91874,"minecraft:mob_kills":13,"minecraft:drop":27,"minecraft:damage_dealt":1341,"minecraft:swim_one_cm":1727,"minecraft:fly_one_cm":308363,"minecraft:crouch_one_cm":981,"minecraft:play_time":75441,"minecraft:deaths":10,"minecraft:sneak_time":850,"minecraft:walk_under_water_one_cm":3691,"minecraft:jump":719,"minecraft:aviate_one_cm":48595,"minecraft:leave_game":4,"minecraft:time_since_death":2627,"minecraft:walk_on_water_one_cm":9406,"minecraft:total_world_time":75441,"minecraft:climb_one_cm":12,"minecraft:damage_resisted":234,"minecraft:fall_one_cm":33449},"minecraft:mined":{"minecraft:grass_block":1},"minecraft:dropped":{"minecraft:oxeye_daisy":3,"twigs:pebble":1,"minecraft:poppy":6,"minecraft:gunpowder":2,"adventurez:orc_skin":2,"minecraft:cornflower":2,"mythic_charms:experience_nugget":1,"minecraft:chicken":1,"minecraft:feather":3,"minecraft:rotten_flesh":7,"minecraft:leather":3,"minecraft:arrow":2,"minecraft:beef":1,"promenade:fulvous_maple_sapling":1,"promenade:duck":1,"minecraft:salmon":2,"minecraft:dandelion":1,"minecraft:bone":2},"minecraft:used":{"minecraft:white_wool":1,"minecraft:dirt":1,"minecraft:beef":3},"minecraft:picked_up":{"minecraft:feather":3,"minecraft:chicken":1,"minecraft:salmon":2,"promenade:duck":1,"minecraft:leather":3,"promenade:fulvous_maple_sapling":1,"minecraft:dandelion":1,"minecraft:gunpowder":2,"minecraft:cornflower":2,"minecraft:dirt":1,"mythic_charms:experience_nugget":4,"minecraft:bone":2,"minecraft:arrow":2,"minecraft:rotten_flesh":7,"twigs:pebble":1,"minecraft:beef":4,"minecraft:poppy":6,"minecraft:mutton":1,"adventurez:orc_skin":2,"minecraft:white_wool":1,"minecraft:oxeye_daisy":3},"minecraft:killed":{"minecraft:skeleton":2,"minecraft:zombie":1,"minecraft:chicken":1,"promenade:duck":1,"minecraft:salmon":2,"naturalist:sparrow":2,"minecraft:cow":2}},"DataVersion":3465}