{"stats":{"minecraft:used":{"minecraft:chainmail_boots":1,"minecraft:chainmail_chestplate":1,"minecraft:chainmail_helmet":1},"minecraft:dropped":{"minecraft:raw_gold":1,"minecraft:beetroot_seeds":3,"minecraft:chainmail_chestplate":2},"minecraft:custom":{"minecraft:time_since_rest":5907,"minecraft:crouch_one_cm":322,"minecraft:deaths":1,"minecraft:play_time":23113,"minecraft:damage_taken":479,"minecraft:walk_one_cm":5912,"minecraft:sneak_time":109,"minecraft:drop":4,"minecraft:jump":35,"minecraft:damage_dealt":146,"minecraft:leave_game":3,"minecraft:time_since_death":0,"minecraft:damage_resisted":405,"minecraft:total_world_time":23113,"minecraft:fall_one_cm":1848,"minecraft:fly_one_cm":768},"minecraft:picked_up":{"minecraft:dark_oak_planks":5,"minecraft:chainmail_boots":1,"minecraft:beetroot":2,"minecraft:beetroot_seeds":3,"minecraft:raw_gold":1,"minecraft:yellow_terracotta":11,"minecraft:chainmail_chestplate":4,"minecraft:chainmail_helmet":1,"supplementaries:ash":23,"minecraft:dark_prismarine":28}},"DataVersion":3465}