{"stats":{"minecraft:killed":{"minecraft:zombie":5,"minecraft:spider":1,"minecells:grenadier":1},"minecraft:dropped":{"minecraft:poppy":1,"minecraft:dirt":34,"minecraft:sugar_cane":2,"minecraft:wheat_seeds":8,"minecraft:gunpowder":1,"minecells:explosive_bulb":1,"culturaldelights:cucumber_seeds":1,"minecraft:cobblestone":7,"minecraft:rotten_flesh":3,"minecraft:knowledge_book":3,"minecraft:sand":1,"minecraft:grass_block":6,"patchouli:guide_book":1},"minecraft:used":{"minecraft:cornflower":1,"minecraft:iron_sword":3,"minecraft:stone_hoe":2,"minecraft:dirt":1},"minecraft:custom":{"minecraft:time_since_rest":2539,"minecraft:sprint_one_cm":98204,"minecraft:damage_taken":3763,"minecraft:walk_one_cm":126023,"minecraft:mob_kills":7,"minecraft:drop":27,"minecraft:damage_dealt":2793,"minecraft:swim_one_cm":3047,"minecraft:player_kills":7,"minecraft:tune_noteblock":20,"minecraft:fly_one_cm":109919,"minecraft:open_chest":2,"minecraft:crouch_one_cm":3144,"minecraft:play_time":49254,"minecraft:deaths":13,"minecraft:sneak_time":724,"minecraft:walk_under_water_one_cm":2530,"minecraft:jump":490,"minecraft:leave_game":2,"minecraft:time_since_death":2509,"minecraft:walk_on_water_one_cm":4041,"minecraft:total_world_time":49254,"minecraft:climb_one_cm":1238,"minecraft:damage_resisted":1120,"minecraft:fall_one_cm":25774},"minecraft:mined":{"minecraft:lilac":1,"minecraft:grass":46,"minecraft:tall_grass":20,"minecraft:sugar_cane":1,"minecraft:oak_leaves":1,"minecraft:fern":3},"minecraft:picked_up":{"minecraft:sand":1,"minecraft:grass_block":6,"minecraft:gunpowder":1,"minecraft:cornflower":1,"minecraft:dirt":66,"culturaldelights:cucumber_seeds":1,"minecraft:rotten_flesh":5,"minecells:explosive_bulb":1,"minecraft:wheat_seeds":14,"minecraft:iron_ingot":1,"minecraft:poppy":1,"minecraft:sugar_cane":4,"minecraft:cobblestone":7},"minecraft:killed_by":{"minecraft:player":5,"mutantmonsters:mutant_skeleton":1,"minecraft:skeleton":1,"minecraft:zombie":1}},"DataVersion":3465}