{"stats":{"minecraft:used":{"minecraft:chainmail_boots":1,"minecraft:chainmail_chestplate":1,"minecraft:chainmail_helmet":1},"minecraft:picked_up":{"minecraft:dark_prismarine":28,"minecraft:chainmail_boots":1,"mythic_charms:experience_nugget":1,"minecraft:rotten_flesh":1,"minecraft:beetroot":2,"minecraft:beetroot_seeds":3,"minecraft:raw_gold":1,"minecraft:yellow_terracotta":11,"minecraft:chainmail_chestplate":4,"minecraft:chainmail_helmet":1,"supplementaries:ash":23,"minecraft:dark_oak_planks":5},"minecraft:custom":{"minecraft:time_since_rest":4033,"minecraft:crouch_one_cm":322,"minecraft:sprint_one_cm":1379,"minecraft:deaths":7,"minecraft:play_time":39258,"minecraft:walk_one_cm":14425,"minecraft:damage_taken":2059,"minecraft:sneak_time":109,"minecraft:drop":4,"minecraft:jump":81,"minecraft:damage_dealt":225,"minecraft:leave_game":5,"minecraft:time_since_death":3996,"minecraft:total_world_time":39258,"minecraft:damage_resisted":405,"minecraft:fall_one_cm":3731,"minecraft:fly_one_cm":4806},"minecraft:killed_by":{"minecraft:zombie":5,"minecraft:player":1},"minecraft:dropped":{"minecraft:raw_gold":1,"minecraft:beetroot_seeds":3,"minecraft:chainmail_chestplate":2}},"DataVersion":3465}