{"stats":{"minecraft:killed":{"minecraft:zombie":1},"minecraft:dropped":{"minecraft:wheat_seeds":1},"minecraft:custom":{"minecraft:time_since_rest":1242,"minecraft:play_time":10048,"minecraft:sprint_one_cm":4742,"minecraft:walk_one_cm":19841,"minecraft:damage_taken":722,"minecraft:deaths":2,"minecraft:sneak_time":8,"minecraft:mob_kills":1,"minecraft:drop":1,"minecraft:jump":37,"minecraft:damage_dealt":198,"minecraft:leave_game":2,"minecraft:walk_on_water_one_cm":109,"minecraft:time_since_death":738,"minecraft:total_world_time":10048,"minecraft:fall_one_cm":2744,"minecraft:fly_one_cm":4637},"minecraft:picked_up":{"minecraft:rotten_flesh":1,"minecraft:wheat_seeds":1,"minecraft:iron_ingot":1,"minecraft:sugar_cane":2},"minecraft:mined":{"minecraft:grass":5,"minecraft:tall_grass":3,"minecraft:sugar_cane":1,"minecraft:oak_leaves":1,"minecraft:fern":3},"minecraft:killed_by":{"minecraft:zombie":1}},"DataVersion":3465}