{"stats":{"minecraft:killed":{"minecraft:zombie":2,"minecraft:spider":1,"minecells:grenadier":1},"minecraft:dropped":{"minecraft:poppy":1,"minecraft:dirt":3,"minecraft:sugar_cane":2,"minecraft:wheat_seeds":5,"culturaldelights:cucumber_seeds":1,"minecraft:rotten_flesh":1,"minecraft:knowledge_book":3,"minecraft:sand":1,"minecraft:grass_block":6},"minecraft:used":{"minecraft:cornflower":1,"minecraft:iron_sword":3},"minecraft:custom":{"minecraft:time_since_rest":5210,"minecraft:sprint_one_cm":65889,"minecraft:damage_taken":3059,"minecraft:walk_one_cm":85656,"minecraft:mob_kills":4,"minecraft:drop":20,"minecraft:damage_dealt":2175,"minecraft:swim_one_cm":3047,"minecraft:player_kills":3,"minecraft:tune_noteblock":20,"minecraft:fly_one_cm":66790,"minecraft:crouch_one_cm":3070,"minecraft:play_time":37254,"minecraft:deaths":10,"minecraft:sneak_time":696,"minecraft:walk_under_water_one_cm":2530,"minecraft:jump":287,"minecraft:leave_game":2,"minecraft:time_since_death":5176,"minecraft:walk_on_water_one_cm":4041,"minecraft:total_world_time":37254,"minecraft:climb_one_cm":1140,"minecraft:damage_resisted":1120,"minecraft:fall_one_cm":18402},"minecraft:mined":{"minecraft:lilac":1,"minecraft:grass":15,"minecraft:tall_grass":7,"minecraft:sugar_cane":1,"minecraft:oak_leaves":1,"minecraft:fern":3},"minecraft:picked_up":{"minecraft:sand":1,"minecraft:grass_block":6,"minecraft:gunpowder":1,"minecraft:cornflower":1,"minecraft:dirt":3,"culturaldelights:cucumber_seeds":1,"minecraft:rotten_flesh":3,"minecells:explosive_bulb":1,"minecraft:wheat_seeds":6,"minecraft:iron_ingot":1,"minecraft:poppy":1,"minecraft:sugar_cane":4},"minecraft:killed_by":{"minecraft:player":4,"mutantmonsters:mutant_skeleton":1,"minecraft:zombie":1}},"DataVersion":3465}