{"stats":{"minecraft:killed":{"minecraft:zombie":1},"minecraft:dropped":{"minecraft:sugar_cane":2,"minecraft:wheat_seeds":2},"minecraft:custom":{"minecraft:time_since_rest":1420,"minecraft:play_time":13254,"minecraft:sprint_one_cm":9944,"minecraft:deaths":3,"minecraft:damage_taken":1188,"minecraft:walk_one_cm":23769,"minecraft:sneak_time":8,"minecraft:walk_under_water_one_cm":155,"minecraft:mob_kills":1,"minecraft:drop":3,"minecraft:jump":56,"minecraft:damage_dealt":398,"minecraft:leave_game":2,"minecraft:walk_on_water_one_cm":126,"minecraft:time_since_death":1362,"minecraft:total_world_time":13254,"minecraft:swim_one_cm":473,"minecraft:fall_one_cm":5205,"minecraft:fly_one_cm":8461,"minecraft:player_kills":1},"minecraft:picked_up":{"minecraft:rotten_flesh":1,"minecraft:wheat_seeds":3,"minecraft:iron_ingot":1,"minecraft:sugar_cane":4},"minecraft:mined":{"minecraft:grass":5,"minecraft:tall_grass":3,"minecraft:sugar_cane":1,"minecraft:oak_leaves":1,"minecraft:fern":3},"minecraft:killed_by":{"minecraft:zombie":1}},"DataVersion":3465}