{"stats":{"minecraft:killed":{"minecraft:spider":1,"minecraft:zombie":2},"minecraft:dropped":{"minecraft:rotten_flesh":1,"minecraft:sugar_cane":2,"minecraft:wheat_seeds":2},"minecraft:used":{"minecraft:iron_sword":3},"minecraft:custom":{"minecraft:time_since_rest":49,"minecraft:crouch_one_cm":482,"minecraft:play_time":25254,"minecraft:sprint_one_cm":42789,"minecraft:deaths":7,"minecraft:damage_taken":2018,"minecraft:walk_one_cm":45641,"minecraft:sneak_time":310,"minecraft:walk_under_water_one_cm":1776,"minecraft:mob_kills":3,"minecraft:drop":4,"minecraft:jump":175,"minecraft:damage_dealt":1501,"minecraft:leave_game":2,"minecraft:walk_on_water_one_cm":1191,"minecraft:time_since_death":19,"minecraft:climb_one_cm":1140,"minecraft:total_world_time":25254,"minecraft:swim_one_cm":3047,"minecraft:fall_one_cm":9783,"minecraft:fly_one_cm":37523,"minecraft:player_kills":3},"minecraft:picked_up":{"minecraft:rotten_flesh":2,"minecraft:wheat_seeds":3,"minecraft:iron_ingot":1,"minecraft:sugar_cane":4},"minecraft:mined":{"minecraft:grass":5,"minecraft:tall_grass":3,"minecraft:lilac":1,"minecraft:sugar_cane":1,"minecraft:oak_leaves":1,"minecraft:fern":3},"minecraft:killed_by":{"minecraft:zombie":1,"minecraft:player":3}},"DataVersion":3465}