{"stats":{"minecraft:used":{"minecraft:chainmail_boots":1,"minecraft:chainmail_chestplate":1,"minecraft:chainmail_helmet":1},"minecraft:picked_up":{"minecraft:dark_prismarine":28,"minecraft:chainmail_boots":1,"minecraft:beetroot":2,"minecraft:beetroot_seeds":3,"minecraft:raw_gold":1,"minecraft:yellow_terracotta":11,"minecraft:chainmail_chestplate":4,"minecraft:chainmail_helmet":1,"supplementaries:ash":23,"minecraft:dark_oak_planks":5},"minecraft:custom":{"minecraft:time_since_rest":10047,"minecraft:crouch_one_cm":322,"minecraft:deaths":1,"minecraft:play_time":27253,"minecraft:walk_one_cm":6450,"minecraft:damage_taken":479,"minecraft:sneak_time":109,"minecraft:drop":4,"minecraft:jump":36,"minecraft:damage_dealt":146,"minecraft:leave_game":4,"minecraft:time_since_death":3298,"minecraft:total_world_time":27253,"minecraft:damage_resisted":405,"minecraft:fall_one_cm":1848,"minecraft:fly_one_cm":768},"minecraft:dropped":{"minecraft:raw_gold":1,"minecraft:beetroot_seeds":3,"minecraft:chainmail_chestplate":2}},"DataVersion":3465}