{"stats":{"minecraft:killed":{"minecraft:skeleton":1,"minecraft:zombie":7,"promenade:duck":1,"minecraft:spider":1,"minecells:grenadier":1},"minecraft:dropped":{"minecraft:poppy":1,"minecraft:dirt":34,"minecraft:sugar_cane":2,"minecraft:wheat_seeds":18,"minecraft:gunpowder":3,"minecraft:oak_log":4,"minecraft:lilac":1,"minecells:explosive_bulb":1,"culturaldelights:cucumber_seeds":1,"minecraft:cobblestone":7,"minecraft:rotten_flesh":9,"minecraft:knowledge_book":3,"minecraft:arrow":2,"minecraft:sand":17,"promenade:duck":1,"minecraft:grass_block":6,"patchouli:guide_book":1,"minecraft:bone":6},"minecraft:used":{"minecraft:cornflower":1,"minecraft:iron_sword":3,"minecraft:stone_hoe":3,"minecraft:dirt":1},"minecraft:custom":{"minecraft:time_since_rest":3083,"minecraft:sprint_one_cm":119941,"minecraft:damage_taken":5028,"minecraft:walk_one_cm":151360,"minecraft:mob_kills":12,"minecraft:drop":49,"minecraft:damage_dealt":3812,"minecraft:swim_one_cm":3047,"minecraft:player_kills":7,"minecraft:tune_noteblock":20,"minecraft:fly_one_cm":131303,"minecraft:open_chest":2,"minecraft:crouch_one_cm":3352,"minecraft:play_time":55846,"minecraft:deaths":17,"minecraft:sneak_time":786,"minecraft:walk_under_water_one_cm":2530,"minecraft:jump":603,"minecraft:leave_game":3,"minecraft:time_since_death":3054,"minecraft:walk_on_water_one_cm":5076,"minecraft:total_world_time":55846,"minecraft:climb_one_cm":1238,"minecraft:damage_resisted":1120,"minecraft:fall_one_cm":28807},"minecraft:mined":{"minecraft:lilac":1,"minecraft:grass":61,"minecraft:tall_grass":34,"minecraft:sugar_cane":1,"minecraft:oak_leaves":1,"minecraft:fern":3},"minecraft:picked_up":{"minecraft:lilac":1,"promenade:duck":1,"minecraft:sand":17,"minecraft:oak_log":4,"minecraft:grass_block":6,"minecraft:gunpowder":3,"minecraft:cornflower":1,"minecraft:dirt":66,"culturaldelights:cucumber_seeds":1,"minecraft:bone":6,"minecraft:arrow":2,"minecraft:rotten_flesh":11,"minecells:explosive_bulb":1,"minecraft:wheat_seeds":24,"minecraft:iron_ingot":1,"minecraft:poppy":1,"minecraft:sugar_cane":4,"minecraft:cobblestone":7},"minecraft:killed_by":{"minecraft:player":5,"mutantmonsters:mutant_skeleton":1,"minecraft:creeper":1,"minecraft:skeleton":1,"minecraft:spider":1,"minecraft:zombie":2}},"DataVersion":3465}