{"stats":{"minecraft:used":{"minecraft:chainmail_boots":1,"minecraft:chainmail_chestplate":1,"minecraft:chainmail_helmet":1},"minecraft:picked_up":{"minecraft:dark_prismarine":28,"minecraft:chainmail_boots":1,"minecraft:beetroot":2,"minecraft:beetroot_seeds":3,"minecraft:raw_gold":1,"minecraft:yellow_terracotta":11,"minecraft:chainmail_chestplate":4,"minecraft:chainmail_helmet":1,"supplementaries:ash":23,"minecraft:dark_oak_planks":5},"minecraft:custom":{"minecraft:time_since_rest":186,"minecraft:crouch_one_cm":322,"minecraft:deaths":4,"minecraft:play_time":32256,"minecraft:walk_one_cm":8504,"minecraft:damage_taken":1269,"minecraft:sneak_time":109,"minecraft:drop":4,"minecraft:jump":46,"minecraft:damage_dealt":146,"minecraft:leave_game":4,"minecraft:time_since_death":0,"minecraft:total_world_time":32256,"minecraft:damage_resisted":405,"minecraft:fall_one_cm":2140,"minecraft:fly_one_cm":1773},"minecraft:killed_by":{"minecraft:zombie":2,"minecraft:player":1},"minecraft:dropped":{"minecraft:raw_gold":1,"minecraft:beetroot_seeds":3,"minecraft:chainmail_chestplate":2}},"DataVersion":3465}