{"stats":{"minecraft:mined":{"minecraft:grass_block":1},"minecraft:picked_up":{"minecraft:dirt":1},"minecraft:used":{"minecraft:dirt":1},"minecraft:custom":{"minecraft:jump":105,"minecraft:time_since_rest":3420,"minecraft:crouch_one_cm":123,"minecraft:leave_game":3,"minecraft:play_time":3420,"minecraft:sprint_one_cm":6191,"minecraft:time_since_death":3420,"minecraft:walk_one_cm":4023,"minecraft:sneak_time":20,"minecraft:total_world_time":3556,"minecraft:fall_one_cm":5668,"minecraft:fly_one_cm":28850}},"DataVersion":3465}